--------------------------------------------------------
--  File created - Thursday-February-02-2017   
--------------------------------------------------------
--------------------------------------------------------
--  DDL for Table ADDTOCART
--------------------------------------------------------

  CREATE TABLE "PKU"."ADDTOCART" 
   (	"STOCKINDEX" VARCHAR2(20 BYTE), 
	"STOCKNAME" VARCHAR2(20 BYTE), 
	"TOTALPRICE" NUMBER, 
	"PRICEOFSTOCK" NUMBER, 
	"NOOFSTOCKS" NUMBER, 
	"PURCHASEDATE" VARCHAR2(100 BYTE), 
	"TOTALLOCALCURRENCYPRICE" NUMBER, 
	"LOCALPRICE" NUMBER
   ) SEGMENT CREATION IMMEDIATE 
  PCTFREE 10 PCTUSED 40 INITRANS 1 MAXTRANS 255 
 NOCOMPRESS LOGGING
  STORAGE(INITIAL 65536 NEXT 1048576 MINEXTENTS 1 MAXEXTENTS 2147483645
  PCTINCREASE 0 FREELISTS 1 FREELIST GROUPS 1
  BUFFER_POOL DEFAULT FLASH_CACHE DEFAULT CELL_FLASH_CACHE DEFAULT)
  TABLESPACE "USERS" ;
--------------------------------------------------------
--  DDL for Table BETADOW30
--------------------------------------------------------

  CREATE TABLE "PKU"."BETADOW30" 
   (	"STOCKNAME" VARCHAR2(20 BYTE), 
	"BETA" NUMBER, 
	"FIFTY2WEEK" VARCHAR2(20 BYTE)
   ) SEGMENT CREATION IMMEDIATE 
  PCTFREE 10 PCTUSED 40 INITRANS 1 MAXTRANS 255 
 NOCOMPRESS LOGGING
  STORAGE(INITIAL 65536 NEXT 1048576 MINEXTENTS 1 MAXEXTENTS 2147483645
  PCTINCREASE 0 FREELISTS 1 FREELIST GROUPS 1
  BUFFER_POOL DEFAULT FLASH_CACHE DEFAULT CELL_FLASH_CACHE DEFAULT)
  TABLESPACE "USERS" ;
--------------------------------------------------------
--  DDL for Table BETANIFTY50
--------------------------------------------------------

  CREATE TABLE "PKU"."BETANIFTY50" 
   (	"STOCKNAME" VARCHAR2(20 BYTE), 
	"BETA" NUMBER, 
	"FIFTY2WEEK" VARCHAR2(20 BYTE)
   ) SEGMENT CREATION IMMEDIATE 
  PCTFREE 10 PCTUSED 40 INITRANS 1 MAXTRANS 255 
 NOCOMPRESS LOGGING
  STORAGE(INITIAL 65536 NEXT 1048576 MINEXTENTS 1 MAXEXTENTS 2147483645
  PCTINCREASE 0 FREELISTS 1 FREELIST GROUPS 1
  BUFFER_POOL DEFAULT FLASH_CACHE DEFAULT CELL_FLASH_CACHE DEFAULT)
  TABLESPACE "USERS" ;
--------------------------------------------------------
--  DDL for Table BETASTI
--------------------------------------------------------

  CREATE TABLE "PKU"."BETASTI" 
   (	"STOCKNAME" VARCHAR2(20 BYTE), 
	"BETA" VARCHAR2(20 BYTE), 
	"FIFTY2WEEK" VARCHAR2(20 BYTE)
   ) SEGMENT CREATION IMMEDIATE 
  PCTFREE 10 PCTUSED 40 INITRANS 1 MAXTRANS 255 
 NOCOMPRESS LOGGING
  STORAGE(INITIAL 65536 NEXT 1048576 MINEXTENTS 1 MAXEXTENTS 2147483645
  PCTINCREASE 0 FREELISTS 1 FREELIST GROUPS 1
  BUFFER_POOL DEFAULT FLASH_CACHE DEFAULT CELL_FLASH_CACHE DEFAULT)
  TABLESPACE "USERS" ;
--------------------------------------------------------
--  DDL for Table BUYHISTORY
--------------------------------------------------------

  CREATE TABLE "PKU"."BUYHISTORY" 
   (	"STOCKINDEX" VARCHAR2(20 BYTE), 
	"STOCKNAME" VARCHAR2(20 BYTE), 
	"TOTALPRICE" NUMBER, 
	"PRICEOFSTOCK" NUMBER, 
	"NOOFSTOCKS" NUMBER, 
	"PURCHASEDATE" VARCHAR2(100 BYTE), 
	"TOTALLOCALCURRENCYPRICE" NUMBER, 
	"LOCALPRICE" NUMBER
   ) SEGMENT CREATION IMMEDIATE 
  PCTFREE 10 PCTUSED 40 INITRANS 1 MAXTRANS 255 
 NOCOMPRESS LOGGING
  STORAGE(INITIAL 65536 NEXT 1048576 MINEXTENTS 1 MAXEXTENTS 2147483645
  PCTINCREASE 0 FREELISTS 1 FREELIST GROUPS 1
  BUFFER_POOL DEFAULT FLASH_CACHE DEFAULT CELL_FLASH_CACHE DEFAULT)
  TABLESPACE "USERS" ;
--------------------------------------------------------
--  DDL for Table DOW3012THPRICE
--------------------------------------------------------

  CREATE TABLE "PKU"."DOW3012THPRICE" 
   (	"STOCKINDEX" VARCHAR2(20 BYTE), 
	"STOCKNAME" VARCHAR2(20 BYTE), 
	"USDVALUE" FLOAT(126), 
	"VALUEDATE" VARCHAR2(20 BYTE)
   ) SEGMENT CREATION IMMEDIATE 
  PCTFREE 10 PCTUSED 40 INITRANS 1 MAXTRANS 255 
 NOCOMPRESS LOGGING
  STORAGE(INITIAL 65536 NEXT 1048576 MINEXTENTS 1 MAXEXTENTS 2147483645
  PCTINCREASE 0 FREELISTS 1 FREELIST GROUPS 1
  BUFFER_POOL DEFAULT FLASH_CACHE DEFAULT CELL_FLASH_CACHE DEFAULT)
  TABLESPACE "USERS" ;
--------------------------------------------------------
--  DDL for Table NIFTY5012THPRICE
--------------------------------------------------------

  CREATE TABLE "PKU"."NIFTY5012THPRICE" 
   (	"STOCKINDEX" VARCHAR2(20 BYTE), 
	"STOCKNAME" VARCHAR2(20 BYTE), 
	"USDVALUE" FLOAT(126), 
	"INRVALUE" FLOAT(126), 
	"VALUEDATE" VARCHAR2(20 BYTE)
   ) SEGMENT CREATION IMMEDIATE 
  PCTFREE 10 PCTUSED 40 INITRANS 1 MAXTRANS 255 
 NOCOMPRESS LOGGING
  STORAGE(INITIAL 65536 NEXT 1048576 MINEXTENTS 1 MAXEXTENTS 2147483645
  PCTINCREASE 0 FREELISTS 1 FREELIST GROUPS 1
  BUFFER_POOL DEFAULT FLASH_CACHE DEFAULT CELL_FLASH_CACHE DEFAULT)
  TABLESPACE "USERS" ;
--------------------------------------------------------
--  DDL for Table PERSON
--------------------------------------------------------

  CREATE TABLE "PKU"."PERSON" 
   (	"UNAME" VARCHAR2(20 BYTE), 
	"PASSWORD" VARCHAR2(20 BYTE), 
	"BALANCE" NUMBER, 
	"STOCKVALUE" NUMBER(*,0), 
	"TOTALSTOCKVALUE" NUMBER
   ) SEGMENT CREATION IMMEDIATE 
  PCTFREE 10 PCTUSED 40 INITRANS 1 MAXTRANS 255 
 NOCOMPRESS LOGGING
  STORAGE(INITIAL 65536 NEXT 1048576 MINEXTENTS 1 MAXEXTENTS 2147483645
  PCTINCREASE 0 FREELISTS 1 FREELIST GROUPS 1
  BUFFER_POOL DEFAULT FLASH_CACHE DEFAULT CELL_FLASH_CACHE DEFAULT)
  TABLESPACE "USERS" ;
--------------------------------------------------------
--  DDL for Table SELLTRANSACTIONS
--------------------------------------------------------

  CREATE TABLE "PKU"."SELLTRANSACTIONS" 
   (	"STOCKINDEX" VARCHAR2(20 BYTE), 
	"STOCKNAME" VARCHAR2(20 BYTE), 
	"TOTALUSDSELLPRICE" NUMBER, 
	"PRICEWHENBOUGHTUSD" NUMBER, 
	"NOOFSTOCKS" NUMBER, 
	"SELLDATE" VARCHAR2(100 BYTE), 
	"TOTALUSDBOUGHTPRICE" NUMBER, 
	"PRICEWHENBOUGHTLOCAL" NUMBER, 
	"USDSELLPRICE" NUMBER, 
	"PROFITLOSSUSD" NUMBER, 
	"TOTALLOCALBOUGHTPRICE" NUMBER, 
	"TOTALLOCALSELLPRICE" NUMBER, 
	"PROFITLOSSLOCAL" NUMBER, 
	"LOCALSELLPRICE" NUMBER
   ) SEGMENT CREATION IMMEDIATE 
  PCTFREE 10 PCTUSED 40 INITRANS 1 MAXTRANS 255 
 NOCOMPRESS LOGGING
  STORAGE(INITIAL 65536 NEXT 1048576 MINEXTENTS 1 MAXEXTENTS 2147483645
  PCTINCREASE 0 FREELISTS 1 FREELIST GROUPS 1
  BUFFER_POOL DEFAULT FLASH_CACHE DEFAULT CELL_FLASH_CACHE DEFAULT)
  TABLESPACE "USERS" ;
--------------------------------------------------------
--  DDL for Table STI12THPRICE
--------------------------------------------------------

  CREATE TABLE "PKU"."STI12THPRICE" 
   (	"STOCKINDEX" VARCHAR2(20 BYTE), 
	"STOCKNAME" VARCHAR2(20 BYTE), 
	"USDVALUE" FLOAT(126), 
	"SGDVALUE" FLOAT(126), 
	"VALUEDATE" VARCHAR2(20 BYTE)
   ) SEGMENT CREATION IMMEDIATE 
  PCTFREE 10 PCTUSED 40 INITRANS 1 MAXTRANS 255 
 NOCOMPRESS LOGGING
  STORAGE(INITIAL 65536 NEXT 1048576 MINEXTENTS 1 MAXEXTENTS 2147483645
  PCTINCREASE 0 FREELISTS 1 FREELIST GROUPS 1
  BUFFER_POOL DEFAULT FLASH_CACHE DEFAULT CELL_FLASH_CACHE DEFAULT)
  TABLESPACE "USERS" ;
--------------------------------------------------------
--  DDL for Table TRANSACTIONS
--------------------------------------------------------

  CREATE TABLE "PKU"."TRANSACTIONS" 
   (	"STOCKINDEX" VARCHAR2(20 BYTE), 
	"STOCKNAME" VARCHAR2(20 BYTE), 
	"TOTALPRICE" VARCHAR2(20 BYTE), 
	"NOOFSTOCKS" VARCHAR2(20 BYTE), 
	"ERPD" NUMBER
   ) SEGMENT CREATION IMMEDIATE 
  PCTFREE 10 PCTUSED 40 INITRANS 1 MAXTRANS 255 
 NOCOMPRESS LOGGING
  STORAGE(INITIAL 65536 NEXT 1048576 MINEXTENTS 1 MAXEXTENTS 2147483645
  PCTINCREASE 0 FREELISTS 1 FREELIST GROUPS 1
  BUFFER_POOL DEFAULT FLASH_CACHE DEFAULT CELL_FLASH_CACHE DEFAULT)
  TABLESPACE "USERS" ;
REM INSERTING into PKU.ADDTOCART
SET DEFINE OFF;
Insert into PKU.ADDTOCART (STOCKINDEX,STOCKNAME,TOTALPRICE,PRICEOFSTOCK,NOOFSTOCKS,PURCHASEDATE,TOTALLOCALCURRENCYPRICE,LOCALPRICE) values ('Dow30','AAPL',1897.92,105.44,18,'Sat Dec 10 20:15:06 UTC 2016',1897.92,105.44);
Insert into PKU.ADDTOCART (STOCKINDEX,STOCKNAME,TOTALPRICE,PRICEOFSTOCK,NOOFSTOCKS,PURCHASEDATE,TOTALLOCALCURRENCYPRICE,LOCALPRICE) values ('Dow30','DD',2045.1,68.17,30,'Sat Dec 10 20:15:20 UTC 2016',2045.1,68.17);
Insert into PKU.ADDTOCART (STOCKINDEX,STOCKNAME,TOTALPRICE,PRICEOFSTOCK,NOOFSTOCKS,PURCHASEDATE,TOTALLOCALCURRENCYPRICE,LOCALPRICE) values ('Dow30','CSCO',62.87999999999997,31.44,2,'Sat Dec 10 20:20:22 UTC 2016',62.87999999999997,31.44);
Insert into PKU.ADDTOCART (STOCKINDEX,STOCKNAME,TOTALPRICE,PRICEOFSTOCK,NOOFSTOCKS,PURCHASEDATE,TOTALLOCALCURRENCYPRICE,LOCALPRICE) values ('Dow30','CAT',1146.88,81.92,14,'Sat Dec 10 20:20:33 UTC 2016',1146.88,81.92);
Insert into PKU.ADDTOCART (STOCKINDEX,STOCKNAME,TOTALPRICE,PRICEOFSTOCK,NOOFSTOCKS,PURCHASEDATE,TOTALLOCALCURRENCYPRICE,LOCALPRICE) values ('Dow30','GS',4447.56,171.06,26,'Sat Dec 10 20:20:43 UTC 2016',4447.56,171.06);
Insert into PKU.ADDTOCART (STOCKINDEX,STOCKNAME,TOTALPRICE,PRICEOFSTOCK,NOOFSTOCKS,PURCHASEDATE,TOTALLOCALCURRENCYPRICE,LOCALPRICE) values ('Dow30','JPM',2011.7999,67.06,30,'Sat Dec 10 20:20:55 UTC 2016',2011.7999,67.06);
Insert into PKU.ADDTOCART (STOCKINDEX,STOCKNAME,TOTALPRICE,PRICEOFSTOCK,NOOFSTOCKS,PURCHASEDATE,TOTALLOCALCURRENCYPRICE,LOCALPRICE) values ('Dow30','MSFT',1198.0499,57.05,21,'Sat Dec 10 20:21:07 UTC 2016',1198.0499,57.05);
Insert into PKU.ADDTOCART (STOCKINDEX,STOCKNAME,TOTALPRICE,PRICEOFSTOCK,NOOFSTOCKS,PURCHASEDATE,TOTALLOCALCURRENCYPRICE,LOCALPRICE) values ('Nifty50','AXISBANK',2306.9624,8.872932,260,'Sat Dec 10 20:21:26 UTC 2016',153972,592.2);
Insert into PKU.ADDTOCART (STOCKINDEX,STOCKNAME,TOTALPRICE,PRICEOFSTOCK,NOOFSTOCKS,PURCHASEDATE,TOTALLOCALCURRENCYPRICE,LOCALPRICE) values ('Nifty50','YESBANK',3250.7566,18.05976,180,'Sat Dec 10 20:21:40 UTC 2016',216963,1205.35);
REM INSERTING into PKU.BETADOW30
SET DEFINE OFF;
Insert into PKU.BETADOW30 (STOCKNAME,BETA,FIFTY2WEEK) values ('AXP',1.2,'69.78');
Insert into PKU.BETADOW30 (STOCKNAME,BETA,FIFTY2WEEK) values ('AAPL',1.32,'111.48');
Insert into PKU.BETADOW30 (STOCKNAME,BETA,FIFTY2WEEK) values ('BA',1.05,'146.13');
Insert into PKU.BETADOW30 (STOCKNAME,BETA,FIFTY2WEEK) values ('CAT',1.37,'3.600');
Insert into PKU.BETADOW30 (STOCKNAME,BETA,FIFTY2WEEK) values ('CSCO',1.38,'2.37');
Insert into PKU.BETADOW30 (STOCKNAME,BETA,FIFTY2WEEK) values ('CVX',1.18,'107.71');
Insert into PKU.BETADOW30 (STOCKNAME,BETA,FIFTY2WEEK) values ('DD',1.72,'70.351');
Insert into PKU.BETADOW30 (STOCKNAME,BETA,FIFTY2WEEK) values ('XOM',0.89,'86.13');
Insert into PKU.BETADOW30 (STOCKNAME,BETA,FIFTY2WEEK) values ('GE',1.2,'30.129');
Insert into PKU.BETADOW30 (STOCKNAME,BETA,FIFTY2WEEK) values ('GS',1.6,'1.33');
Insert into PKU.BETADOW30 (STOCKNAME,BETA,FIFTY2WEEK) values ('HD',1.09,'28.76');
Insert into PKU.BETADOW30 (STOCKNAME,BETA,FIFTY2WEEK) values ('IBM',0.96,'157.66');
Insert into PKU.BETADOW30 (STOCKNAME,BETA,FIFTY2WEEK) values ('INTC',1.05,'34.84');
Insert into PKU.BETADOW30 (STOCKNAME,BETA,FIFTY2WEEK) values ('JNJ',0.72,'114.64');
Insert into PKU.BETADOW30 (STOCKNAME,BETA,FIFTY2WEEK) values ('KO',0.65,'41.553');
Insert into PKU.BETADOW30 (STOCKNAME,BETA,FIFTY2WEEK) values ('JPM',1.53,'75.28');
Insert into PKU.BETADOW30 (STOCKNAME,BETA,FIFTY2WEEK) values ('MCD',0.67,'116.28');
Insert into PKU.BETADOW30 (STOCKNAME,BETA,FIFTY2WEEK) values ('MMM',1.05,'170.73');
Insert into PKU.BETADOW30 (STOCKNAME,BETA,FIFTY2WEEK) values ('MRK',0.77,'3.80');
Insert into PKU.BETADOW30 (STOCKNAME,BETA,FIFTY2WEEK) values ('MSFT',1.13,'59.97');
Insert into PKU.BETADOW30 (STOCKNAME,BETA,FIFTY2WEEK) values ('NKE',0.46,'7.07');
Insert into PKU.BETADOW30 (STOCKNAME,BETA,FIFTY2WEEK) values ('PFE',0.91,'2.97');
Insert into PKU.BETADOW30 (STOCKNAME,BETA,FIFTY2WEEK) values ('PG',0.59,'84.354');
Insert into PKU.BETADOW30 (STOCKNAME,BETA,FIFTY2WEEK) values ('TRV',1.02,'1.38');
Insert into PKU.BETADOW30 (STOCKNAME,BETA,FIFTY2WEEK) values ('UNH',0.67,'148.76');
Insert into PKU.BETADOW30 (STOCKNAME,BETA,FIFTY2WEEK) values ('UTX',1.11,'105.0980');
Insert into PKU.BETADOW30 (STOCKNAME,BETA,FIFTY2WEEK) values ('VZ',0.39,'48.60');
Insert into PKU.BETADOW30 (STOCKNAME,BETA,FIFTY2WEEK) values ('V',0.96,'80.400');
Insert into PKU.BETADOW30 (STOCKNAME,BETA,FIFTY2WEEK) values ('WMT',0.1,'2.79');
Insert into PKU.BETADOW30 (STOCKNAME,BETA,FIFTY2WEEK) values ('DIS',1.22,'96.50');
REM INSERTING into PKU.BETANIFTY50
SET DEFINE OFF;
Insert into PKU.BETANIFTY50 (STOCKNAME,BETA,FIFTY2WEEK) values ('TATASTEEL',2.18,'5.7539999847412115');
Insert into PKU.BETANIFTY50 (STOCKNAME,BETA,FIFTY2WEEK) values ('TATAMTRDVR',2,'4.901350006103516');
Insert into PKU.BETANIFTY50 (STOCKNAME,BETA,FIFTY2WEEK) values ('ZEEL',0.89,'7.403525009155273');
Insert into PKU.BETANIFTY50 (STOCKNAME,BETA,FIFTY2WEEK) values ('TATAPOWER',1.23,'1.0980750007629394');
Insert into PKU.BETANIFTY50 (STOCKNAME,BETA,FIFTY2WEEK) values ('TATAMOTORS',2,'7.623774932861328');
Insert into PKU.BETANIFTY50 (STOCKNAME,BETA,FIFTY2WEEK) values ('GRASIM',1.68,'27.041984893798826');
Insert into PKU.BETANIFTY50 (STOCKNAME,BETA,FIFTY2WEEK) values ('ADANIPORTS',1.93,'3.970349998474121');
Insert into PKU.BETANIFTY50 (STOCKNAME,BETA,FIFTY2WEEK) values ('LUPIN',0.89,'21.711750244140624');
Insert into PKU.BETANIFTY50 (STOCKNAME,BETA,FIFTY2WEEK) values ('HCLTECH',0.73,'11.467425018310546');
Insert into PKU.BETANIFTY50 (STOCKNAME,BETA,FIFTY2WEEK) values ('ITC',0.64,'3.514224998474121');
Insert into PKU.BETANIFTY50 (STOCKNAME,BETA,FIFTY2WEEK) values ('AXISBANK',1.03,'7.55195002746582');
Insert into PKU.BETANIFTY50 (STOCKNAME,BETA,FIFTY2WEEK) values ('SBIN',1.08,'3.7421499938964846');
Insert into PKU.BETANIFTY50 (STOCKNAME,BETA,FIFTY2WEEK) values ('AMBUJACEM',1.47,'3.494375030517578');
Insert into PKU.BETANIFTY50 (STOCKNAME,BETA,FIFTY2WEEK) values ('INDUSINDBK',1.73,'17.109749938964846');
Insert into PKU.BETANIFTY50 (STOCKNAME,BETA,FIFTY2WEEK) values ('LT',0.75,'20.865149963378908');
Insert into PKU.BETANIFTY50 (STOCKNAME,BETA,FIFTY2WEEK) values ('COALINDIA',1.17,'4.628949981689453');
Insert into PKU.BETANIFTY50 (STOCKNAME,BETA,FIFTY2WEEK) values ('IDEA',0.68,'1.1215499992370606');
Insert into PKU.BETANIFTY50 (STOCKNAME,BETA,FIFTY2WEEK) values ('BOSCHLTD',1.23,'317.11154882812497');
Insert into PKU.BETANIFTY50 (STOCKNAME,BETA,FIFTY2WEEK) values ('TECHM',0.89,'6.3919499969482425');
Insert into PKU.BETANIFTY50 (STOCKNAME,BETA,FIFTY2WEEK) values ('HDFCBANK',0.68,'18.259050048828126');
Insert into PKU.BETANIFTY50 (STOCKNAME,BETA,FIFTY2WEEK) values ('HEROMOTOCO',0.9,'48.31012512207031');
Insert into PKU.BETANIFTY50 (STOCKNAME,BETA,FIFTY2WEEK) values ('KOTAKBANK',0.9,'11.439850006103516');
Insert into PKU.BETANIFTY50 (STOCKNAME,BETA,FIFTY2WEEK) values ('ICICIBANK',1.31,'3.8666499862670896');
Insert into PKU.BETANIFTY50 (STOCKNAME,BETA,FIFTY2WEEK) values ('M&M',1.16,'18.79');
Insert into PKU.BETANIFTY50 (STOCKNAME,BETA,FIFTY2WEEK) values ('AUROPHARMA',1.45,'11.588025024414062');
Insert into PKU.BETANIFTY50 (STOCKNAME,BETA,FIFTY2WEEK) values ('WIPRO',0.3,'6.789300003051757');
Insert into PKU.BETANIFTY50 (STOCKNAME,BETA,FIFTY2WEEK) values ('POWERGRID',0.84,'2.6037500000000002');
Insert into PKU.BETANIFTY50 (STOCKNAME,BETA,FIFTY2WEEK) values ('HINDALCO',1.46,'2.289774993896484');
Insert into PKU.BETANIFTY50 (STOCKNAME,BETA,FIFTY2WEEK) values ('RELIANCE',0.5,'15.232599884033203');
Insert into PKU.BETANIFTY50 (STOCKNAME,BETA,FIFTY2WEEK) values ('ACC',1.04,'22.135125');
Insert into PKU.BETANIFTY50 (STOCKNAME,BETA,FIFTY2WEEK) values ('SUNPHARMA',0.36,'10.647199981689452');
Insert into PKU.BETANIFTY50 (STOCKNAME,BETA,FIFTY2WEEK) values ('ONGC',0.43,'5.882774993896484');
Insert into PKU.BETANIFTY50 (STOCKNAME,BETA,FIFTY2WEEK) values ('GAIL',0.65,'6.0215000152587885');
Insert into PKU.BETANIFTY50 (STOCKNAME,BETA,FIFTY2WEEK) values ('YESBANK',2.21,'17.834774963378905');
Insert into PKU.BETANIFTY50 (STOCKNAME,BETA,FIFTY2WEEK) values ('MARUTI',1.63,'79.25460083007813');
Insert into PKU.BETANIFTY50 (STOCKNAME,BETA,FIFTY2WEEK) values ('BANKBARODA',0.65,'2.346499984741211');
Insert into PKU.BETANIFTY50 (STOCKNAME,BETA,FIFTY2WEEK) values ('HINDUNILVR',0.58,'12.409475067138672');
Insert into PKU.BETANIFTY50 (STOCKNAME,BETA,FIFTY2WEEK) values ('ULTRACEMCO',1.54,'55.517874877929685');
Insert into PKU.BETANIFTY50 (STOCKNAME,BETA,FIFTY2WEEK) values ('NTPC',0.75,'2.2135999908447266');
Insert into PKU.BETANIFTY50 (STOCKNAME,BETA,FIFTY2WEEK) values ('DRREDDY',0.33,'45.92517443847656');
Insert into PKU.BETANIFTY50 (STOCKNAME,BETA,FIFTY2WEEK) values ('TCS',0.68,'33.67927526855469');
Insert into PKU.BETANIFTY50 (STOCKNAME,BETA,FIFTY2WEEK) values ('BHEL',0.94,'2.000774990081787');
Insert into PKU.BETANIFTY50 (STOCKNAME,BETA,FIFTY2WEEK) values ('BHARTIARTL',0.65,'4.53325');
Insert into PKU.BETANIFTY50 (STOCKNAME,BETA,FIFTY2WEEK) values ('BPCL',0.58,'9.256450042724609');
Insert into PKU.BETANIFTY50 (STOCKNAME,BETA,FIFTY2WEEK) values ('CIPLA',0.83,'8.332199981689454');
Insert into PKU.BETANIFTY50 (STOCKNAME,BETA,FIFTY2WEEK) values ('INFY',0.67,'14.55459994506836');
Insert into PKU.BETANIFTY50 (STOCKNAME,BETA,FIFTY2WEEK) values ('EICHERMOT',1.38,'343.723501953125');
Insert into PKU.BETANIFTY50 (STOCKNAME,BETA,FIFTY2WEEK) values ('HDFC',0.68,'19.604450073242187');
Insert into PKU.BETANIFTY50 (STOCKNAME,BETA,FIFTY2WEEK) values ('ASIANPAINT',1.47,'15.893674987792966');
Insert into PKU.BETANIFTY50 (STOCKNAME,BETA,FIFTY2WEEK) values ('INFRATEL',0.52,'5.265599990844726');
REM INSERTING into PKU.BETASTI
SET DEFINE OFF;
Insert into PKU.BETASTI (STOCKNAME,BETA,FIFTY2WEEK) values ('Y92','	0.733','.637');
Insert into PKU.BETASTI (STOCKNAME,BETA,FIFTY2WEEK) values ('A17U','0.731','1.638');
Insert into PKU.BETASTI (STOCKNAME,BETA,FIFTY2WEEK) values ('O39','0.913','6.138999999999999');
Insert into PKU.BETASTI (STOCKNAME,BETA,FIFTY2WEEK) values ('BN4','1.462','3.815');
Insert into PKU.BETASTI (STOCKNAME,BETA,FIFTY2WEEK) values ('C6L','0.830','6.93');
Insert into PKU.BETASTI (STOCKNAME,BETA,FIFTY2WEEK) values ('D05','1.111','11.367999999999999');
Insert into PKU.BETASTI (STOCKNAME,BETA,FIFTY2WEEK) values ('S58','0.532','3.36');
Insert into PKU.BETASTI (STOCKNAME,BETA,FIFTY2WEEK) values ('C09','1.162','5.949999999999999');
Insert into PKU.BETASTI (STOCKNAME,BETA,FIFTY2WEEK) values ('S59','0.168','2.464');
Insert into PKU.BETASTI (STOCKNAME,BETA,FIFTY2WEEK) values ('U11','0.789','13.600999999999999');
Insert into PKU.BETASTI (STOCKNAME,BETA,FIFTY2WEEK) values ('MC0','0.949','1.414');
Insert into PKU.BETASTI (STOCKNAME,BETA,FIFTY2WEEK) values ('F34','0.865','2.3939999999999997');
Insert into PKU.BETASTI (STOCKNAME,BETA,FIFTY2WEEK) values ('C31','1.128','2.142');
Insert into PKU.BETASTI (STOCKNAME,BETA,FIFTY2WEEK) values ('S51','2.117','.9659999999999999');
Insert into PKU.BETASTI (STOCKNAME,BETA,FIFTY2WEEK) values ('U96','1.001','1.8619999999999999');
Insert into PKU.BETASTI (STOCKNAME,BETA,FIFTY2WEEK) values ('C38U','0.847','1.393');
Insert into PKU.BETASTI (STOCKNAME,BETA,FIFTY2WEEK) values ('S68','0.692','5.018999999999999');
Insert into PKU.BETASTI (STOCKNAME,BETA,FIFTY2WEEK) values ('S63','1.181','2.247');
Insert into PKU.BETASTI (STOCKNAME,BETA,FIFTY2WEEK) values ('C52','1.042','1.7639999999999998');
Insert into PKU.BETASTI (STOCKNAME,BETA,FIFTY2WEEK) values ('C07','1.499','28.727999999999998');
Insert into PKU.BETASTI (STOCKNAME,BETA,FIFTY2WEEK) values ('BS6','1.455','.5529999999999999');
Insert into PKU.BETASTI (STOCKNAME,BETA,FIFTY2WEEK) values ('G13','1.308','.616');
Insert into PKU.BETASTI (STOCKNAME,BETA,FIFTY2WEEK) values ('T39','0.788','2.597');
Insert into PKU.BETASTI (STOCKNAME,BETA,FIFTY2WEEK) values ('H78','1.167','4.536');
Insert into PKU.BETASTI (STOCKNAME,BETA,FIFTY2WEEK) values ('E5H','1.378','.2807');
Insert into PKU.BETASTI (STOCKNAME,BETA,FIFTY2WEEK) values ('Z74','1.157','2.667');
Insert into PKU.BETASTI (STOCKNAME,BETA,FIFTY2WEEK) values ('U14','1.098','4.046');
Insert into PKU.BETASTI (STOCKNAME,BETA,FIFTY2WEEK) values ('CC3','0.708','2.1559999999999997');
Insert into PKU.BETASTI (STOCKNAME,BETA,FIFTY2WEEK) values ('C61U','1.177','1.0758999999999999');
REM INSERTING into PKU.BUYHISTORY
SET DEFINE OFF;
Insert into PKU.BUYHISTORY (STOCKINDEX,STOCKNAME,TOTALPRICE,PRICEOFSTOCK,NOOFSTOCKS,PURCHASEDATE,TOTALLOCALCURRENCYPRICE,LOCALPRICE) values ('Dow30','AAPL',1897.92,105.44,18,'Sat Dec 10 20:15:06 UTC 2016',1897.92,105.44);
Insert into PKU.BUYHISTORY (STOCKINDEX,STOCKNAME,TOTALPRICE,PRICEOFSTOCK,NOOFSTOCKS,PURCHASEDATE,TOTALLOCALCURRENCYPRICE,LOCALPRICE) values ('Dow30','DD',2045.1,68.17,30,'Sat Dec 10 20:15:20 UTC 2016',2045.1,68.17);
Insert into PKU.BUYHISTORY (STOCKINDEX,STOCKNAME,TOTALPRICE,PRICEOFSTOCK,NOOFSTOCKS,PURCHASEDATE,TOTALLOCALCURRENCYPRICE,LOCALPRICE) values ('Dow30','CSCO',377.28,31.44,12,'Sat Dec 10 20:20:22 UTC 2016',377.28,31.44);
Insert into PKU.BUYHISTORY (STOCKINDEX,STOCKNAME,TOTALPRICE,PRICEOFSTOCK,NOOFSTOCKS,PURCHASEDATE,TOTALLOCALCURRENCYPRICE,LOCALPRICE) values ('Dow30','CAT',1146.88,81.92,14,'Sat Dec 10 20:20:33 UTC 2016',1146.88,81.92);
Insert into PKU.BUYHISTORY (STOCKINDEX,STOCKNAME,TOTALPRICE,PRICEOFSTOCK,NOOFSTOCKS,PURCHASEDATE,TOTALLOCALCURRENCYPRICE,LOCALPRICE) values ('Dow30','GS',4447.56,171.06,26,'Sat Dec 10 20:20:43 UTC 2016',4447.56,171.06);
Insert into PKU.BUYHISTORY (STOCKINDEX,STOCKNAME,TOTALPRICE,PRICEOFSTOCK,NOOFSTOCKS,PURCHASEDATE,TOTALLOCALCURRENCYPRICE,LOCALPRICE) values ('Dow30','JPM',2011.7999,67.06,30,'Sat Dec 10 20:20:55 UTC 2016',2011.7999,67.06);
Insert into PKU.BUYHISTORY (STOCKINDEX,STOCKNAME,TOTALPRICE,PRICEOFSTOCK,NOOFSTOCKS,PURCHASEDATE,TOTALLOCALCURRENCYPRICE,LOCALPRICE) values ('Dow30','MSFT',1198.0499,57.05,21,'Sat Dec 10 20:21:07 UTC 2016',1198.0499,57.05);
Insert into PKU.BUYHISTORY (STOCKINDEX,STOCKNAME,TOTALPRICE,PRICEOFSTOCK,NOOFSTOCKS,PURCHASEDATE,TOTALLOCALCURRENCYPRICE,LOCALPRICE) values ('Nifty50','AXISBANK',2306.9624,8.872932,260,'Sat Dec 10 20:21:26 UTC 2016',153972,592.2);
Insert into PKU.BUYHISTORY (STOCKINDEX,STOCKNAME,TOTALPRICE,PRICEOFSTOCK,NOOFSTOCKS,PURCHASEDATE,TOTALLOCALCURRENCYPRICE,LOCALPRICE) values ('Nifty50','YESBANK',3250.7566,18.05976,180,'Sat Dec 10 20:21:40 UTC 2016',216963,1205.35);
REM INSERTING into PKU.DOW3012THPRICE
SET DEFINE OFF;
Insert into PKU.DOW3012THPRICE (STOCKINDEX,STOCKNAME,USDVALUE,VALUEDATE) values ('Dow30','AXP',65.900002,'9/12/2016');
Insert into PKU.DOW3012THPRICE (STOCKINDEX,STOCKNAME,USDVALUE,VALUEDATE) values ('Dow30','AAPL',105.440002,'9/12/2016');
Insert into PKU.DOW3012THPRICE (STOCKINDEX,STOCKNAME,USDVALUE,VALUEDATE) values ('Dow30','BA',130.119995,'9/12/2016');
Insert into PKU.DOW3012THPRICE (STOCKINDEX,STOCKNAME,USDVALUE,VALUEDATE) values ('Dow30','CAT',81.919998,'9/12/2016');
Insert into PKU.DOW3012THPRICE (STOCKINDEX,STOCKNAME,USDVALUE,VALUEDATE) values ('Dow30','CSCO',31.440001,'9/12/2016');
Insert into PKU.DOW3012THPRICE (STOCKINDEX,STOCKNAME,USDVALUE,VALUEDATE) values ('Dow30','CVX',102.25,'9/12/2016');
Insert into PKU.DOW3012THPRICE (STOCKINDEX,STOCKNAME,USDVALUE,VALUEDATE) values ('Dow30','DD',68.169998,'9/12/2016');
Insert into PKU.DOW3012THPRICE (STOCKINDEX,STOCKNAME,USDVALUE,VALUEDATE) values ('Dow30','XOM',87.290001,'9/12/2016');
Insert into PKU.DOW3012THPRICE (STOCKINDEX,STOCKNAME,USDVALUE,VALUEDATE) values ('Dow30','GE',30.49,'9/12/2016');
Insert into PKU.DOW3012THPRICE (STOCKINDEX,STOCKNAME,USDVALUE,VALUEDATE) values ('Dow30','GS',171.059998,'9/12/2016');
Insert into PKU.DOW3012THPRICE (STOCKINDEX,STOCKNAME,USDVALUE,VALUEDATE) values ('Dow30','HD',128.589996,'9/12/2016');
Insert into PKU.DOW3012THPRICE (STOCKINDEX,STOCKNAME,USDVALUE,VALUEDATE) values ('Dow30','IBM',158.289993,'9/12/2016');
Insert into PKU.DOW3012THPRICE (STOCKINDEX,STOCKNAME,USDVALUE,VALUEDATE) values ('Dow30','INTC',36.080002,'9/12/2016');
Insert into PKU.DOW3012THPRICE (STOCKINDEX,STOCKNAME,USDVALUE,VALUEDATE) values ('Dow30','JNJ',119.160004,'9/12/2016');
Insert into PKU.DOW3012THPRICE (STOCKINDEX,STOCKNAME,USDVALUE,VALUEDATE) values ('Dow30','KO',43.189999,'9/12/2016');
Insert into PKU.DOW3012THPRICE (STOCKINDEX,STOCKNAME,USDVALUE,VALUEDATE) values ('Dow30','JPM',67.059998,'9/12/2016');
Insert into PKU.DOW3012THPRICE (STOCKINDEX,STOCKNAME,USDVALUE,VALUEDATE) values ('Dow30','MCD',115.949997,'9/12/2016');
Insert into PKU.DOW3012THPRICE (STOCKINDEX,STOCKNAME,USDVALUE,VALUEDATE) values ('Dow30','MMM',178.100006,'9/12/2016');
Insert into PKU.DOW3012THPRICE (STOCKINDEX,STOCKNAME,USDVALUE,VALUEDATE) values ('Dow30','MRK',63.189999,'9/12/2016');
Insert into PKU.DOW3012THPRICE (STOCKINDEX,STOCKNAME,USDVALUE,VALUEDATE) values ('Dow30','MSFT',57.049999,'9/12/2016');
Insert into PKU.DOW3012THPRICE (STOCKINDEX,STOCKNAME,USDVALUE,VALUEDATE) values ('Dow30','NKE',56.009998,'9/12/2016');
Insert into PKU.DOW3012THPRICE (STOCKINDEX,STOCKNAME,USDVALUE,VALUEDATE) values ('Dow30','PFE',34.650002,'9/12/2016');
Insert into PKU.DOW3012THPRICE (STOCKINDEX,STOCKNAME,USDVALUE,VALUEDATE) values ('Dow30','PG',88.25,'9/12/2016');
Insert into PKU.DOW3012THPRICE (STOCKINDEX,STOCKNAME,USDVALUE,VALUEDATE) values ('Dow30','TRV',115.519997,'9/12/2016');
Insert into PKU.DOW3012THPRICE (STOCKINDEX,STOCKNAME,USDVALUE,VALUEDATE) values ('Dow30','UNH',135.529999,'9/12/2016');
Insert into PKU.DOW3012THPRICE (STOCKINDEX,STOCKNAME,USDVALUE,VALUEDATE) values ('Dow30','UTX',104.029999,'9/12/2016');
Insert into PKU.DOW3012THPRICE (STOCKINDEX,STOCKNAME,USDVALUE,VALUEDATE) values ('Dow30','VZ',52.57,'9/12/2016');
Insert into PKU.DOW3012THPRICE (STOCKINDEX,STOCKNAME,USDVALUE,VALUEDATE) values ('Dow30','V',82.970001,'9/12/2016');
Insert into PKU.DOW3012THPRICE (STOCKINDEX,STOCKNAME,USDVALUE,VALUEDATE) values ('Dow30','WMT',71.940002,'9/12/2016');
Insert into PKU.DOW3012THPRICE (STOCKINDEX,STOCKNAME,USDVALUE,VALUEDATE) values ('Dow30','DIS',93.639999,'9/12/2016');
REM INSERTING into PKU.NIFTY5012THPRICE
SET DEFINE OFF;
Insert into PKU.NIFTY5012THPRICE (STOCKINDEX,STOCKNAME,USDVALUE,INRVALUE,VALUEDATE) values ('Nifty50','TATASTEEL',5.5976488,373.6,'9/12/2016');
Insert into PKU.NIFTY5012THPRICE (STOCKINDEX,STOCKNAME,USDVALUE,INRVALUE,VALUEDATE) values ('Nifty50','TATAMTRDVR',5.2470466,350.2,'9/12/2016');
Insert into PKU.NIFTY5012THPRICE (STOCKINDEX,STOCKNAME,USDVALUE,INRVALUE,VALUEDATE) values ('Nifty50','ZEEL',7.7252348,515.6,'9/12/2016');
Insert into PKU.NIFTY5012THPRICE (STOCKINDEX,STOCKNAME,USDVALUE,INRVALUE,VALUEDATE) values ('Nifty50','TATAPOWER',1.1147352000000001,74.4,'9/12/2016');
Insert into PKU.NIFTY5012THPRICE (STOCKINDEX,STOCKNAME,USDVALUE,INRVALUE,VALUEDATE) values ('Nifty50','TATAMOTORS',8.302829449999999,554.15,'9/12/2016');
Insert into PKU.NIFTY5012THPRICE (STOCKINDEX,STOCKNAME,USDVALUE,INRVALUE,VALUEDATE) values ('Nifty50','GRASIM',346.541807,23129,'9/12/2016');
Insert into PKU.NIFTY5012THPRICE (STOCKINDEX,STOCKNAME,USDVALUE,INRVALUE,VALUEDATE) values ('Nifty50','ADANIPORTS',3.8895868000000005,259.6,'9/12/2016');
Insert into PKU.NIFTY5012THPRICE (STOCKINDEX,STOCKNAME,USDVALUE,INRVALUE,VALUEDATE) values ('Nifty50','LUPIN',22.968939,1533,'9/12/2016');
Insert into PKU.NIFTY5012THPRICE (STOCKINDEX,STOCKNAME,USDVALUE,INRVALUE,VALUEDATE) values ('Nifty50','HCLTECH',11.7241975,782.5,'9/12/2016');
Insert into PKU.NIFTY5012THPRICE (STOCKINDEX,STOCKNAME,USDVALUE,INRVALUE,VALUEDATE) values ('Nifty50','ITC',3.77946175,252.25,'9/12/2016');
Insert into PKU.NIFTY5012THPRICE (STOCKINDEX,STOCKNAME,USDVALUE,INRVALUE,VALUEDATE) values ('Nifty50','AXISBANK',8.8729326,592.2,'9/12/2016');
Insert into PKU.NIFTY5012THPRICE (STOCKINDEX,STOCKNAME,USDVALUE,INRVALUE,VALUEDATE) values ('Nifty50','SBIN',3.7862041,252.7,'9/12/2016');
Insert into PKU.NIFTY5012THPRICE (STOCKINDEX,STOCKNAME,USDVALUE,INRVALUE,VALUEDATE) values ('Nifty50','AMBUJACEM',3.9060680999999997,260.7,'9/12/2016');
Insert into PKU.NIFTY5012THPRICE (STOCKINDEX,STOCKNAME,USDVALUE,INRVALUE,VALUEDATE) values ('Nifty50','INDUSINDBK',17.9151731,1195.7,'9/12/2016');
Insert into PKU.NIFTY5012THPRICE (STOCKINDEX,STOCKNAME,USDVALUE,INRVALUE,VALUEDATE) values ('Nifty50','LT',21.9276205,1463.5,'9/12/2016');
Insert into PKU.NIFTY5012THPRICE (STOCKINDEX,STOCKNAME,USDVALUE,INRVALUE,VALUEDATE) values ('Nifty50','COALINDIA',4.9548781,330.7,'9/12/2016');
Insert into PKU.NIFTY5012THPRICE (STOCKINDEX,STOCKNAME,USDVALUE,INRVALUE,VALUEDATE) values ('Nifty50','IDEA',1.2405924,82.8,'9/12/2016');
Insert into PKU.NIFTY5012THPRICE (STOCKINDEX,STOCKNAME,USDVALUE,INRVALUE,VALUEDATE) values ('Nifty50','BOSCHLTD',351.8622703,23484.1,'9/12/2016');
Insert into PKU.NIFTY5012THPRICE (STOCKINDEX,STOCKNAME,USDVALUE,INRVALUE,VALUEDATE) values ('Nifty50','TECHM',6.94836625,463.75,'9/12/2016');
Insert into PKU.NIFTY5012THPRICE (STOCKINDEX,STOCKNAME,USDVALUE,INRVALUE,VALUEDATE) values ('Nifty50','HDFCBANK',19.17749085,1279.95,'9/12/2016');
Insert into PKU.NIFTY5012THPRICE (STOCKINDEX,STOCKNAME,USDVALUE,INRVALUE,VALUEDATE) values ('Nifty50','HEROMOTOCO',52.87575615,3529.05,'9/12/2016');
Insert into PKU.NIFTY5012THPRICE (STOCKINDEX,STOCKNAME,USDVALUE,INRVALUE,VALUEDATE) values ('Nifty50','KOTAKBANK',12.18342674966,813.15002,'9/12/2016');
Insert into PKU.NIFTY5012THPRICE (STOCKINDEX,STOCKNAME,USDVALUE,INRVALUE,VALUEDATE) values ('Nifty50','ICICIBANK',4.02668125,268.75,'9/12/2016');
Insert into PKU.NIFTY5012THPRICE (STOCKINDEX,STOCKNAME,USDVALUE,INRVALUE,VALUEDATE) values ('Nifty50','M&M',0.534143979966,35.650002,'9/12/2016');
Insert into PKU.NIFTY5012THPRICE (STOCKINDEX,STOCKNAME,USDVALUE,INRVALUE,VALUEDATE) values ('Nifty50','AUROPHARMA',11.74292625,783.75,'9/12/2016');
Insert into PKU.NIFTY5012THPRICE (STOCKINDEX,STOCKNAME,USDVALUE,INRVALUE,VALUEDATE) values ('Nifty50','WIPRO',7.211317750169999,481.29999,'9/12/2016');
Insert into PKU.NIFTY5012THPRICE (STOCKINDEX,STOCKNAME,USDVALUE,INRVALUE,VALUEDATE) values ('Nifty50','POWERGRID',2.70218405,180.35,'9/12/2016');
Insert into PKU.NIFTY5012THPRICE (STOCKINDEX,STOCKNAME,USDVALUE,INRVALUE,VALUEDATE) values ('Nifty50','HINDALCO',2.1096064,140.8,'9/12/2016');
Insert into PKU.NIFTY5012THPRICE (STOCKINDEX,STOCKNAME,USDVALUE,INRVALUE,VALUEDATE) values ('Nifty50','RELIANCE',15.6812078,1046.6,'9/12/2016');
Insert into PKU.NIFTY5012THPRICE (STOCKINDEX,STOCKNAME,USDVALUE,INRVALUE,VALUEDATE) values ('Nifty50','ACC',23.71134665,1582.55,'9/12/2016');
Insert into PKU.NIFTY5012THPRICE (STOCKINDEX,STOCKNAME,USDVALUE,INRVALUE,VALUEDATE) values ('Nifty50','SUNPHARMA',11.79087199983,786.95001,'9/12/2016');
Insert into PKU.NIFTY5012THPRICE (STOCKINDEX,STOCKNAME,USDVALUE,INRVALUE,VALUEDATE) values ('Nifty50','ONGC',3.76298045,251.15,'9/12/2016');
Insert into PKU.NIFTY5012THPRICE (STOCKINDEX,STOCKNAME,USDVALUE,INRVALUE,VALUEDATE) values ('Nifty50','GAIL',5.77519735,385.45,'9/12/2016');
Insert into PKU.NIFTY5012THPRICE (STOCKINDEX,STOCKNAME,USDVALUE,INRVALUE,VALUEDATE) values ('Nifty50','YESBANK',18.059759049999997,1205.35,'9/12/2016');
Insert into PKU.NIFTY5012THPRICE (STOCKINDEX,STOCKNAME,USDVALUE,INRVALUE,VALUEDATE) values ('Nifty50','MARUTI',79.83991209999999,5328.7,'9/12/2016');
Insert into PKU.NIFTY5012THPRICE (STOCKINDEX,STOCKNAME,USDVALUE,INRVALUE,VALUEDATE) values ('Nifty50','BANKBARODA',2.4227510999999997,161.7,'9/12/2016');
Insert into PKU.NIFTY5012THPRICE (STOCKINDEX,STOCKNAME,USDVALUE,INRVALUE,VALUEDATE) values ('Nifty50','HINDUNILVR',13.758888899999999,918.3,'9/12/2016');
Insert into PKU.NIFTY5012THPRICE (STOCKINDEX,STOCKNAME,USDVALUE,INRVALUE,VALUEDATE) values ('Nifty50','ULTRACEMCO',57.95649145,3868.15,'9/12/2016');
Insert into PKU.NIFTY5012THPRICE (STOCKINDEX,STOCKNAME,USDVALUE,INRVALUE,VALUEDATE) values ('Nifty50','NTPC',2.2938973,153.1,'9/12/2016');
Insert into PKU.NIFTY5012THPRICE (STOCKINDEX,STOCKNAME,USDVALUE,INRVALUE,VALUEDATE) values ('Nifty50','DRREDDY',47.0226457017,3138.3999,'9/12/2016');
Insert into PKU.NIFTY5012THPRICE (STOCKINDEX,STOCKNAME,USDVALUE,INRVALUE,VALUEDATE) values ('Nifty50','TCS',35.3463953,2359.1,'9/12/2016');
Insert into PKU.NIFTY5012THPRICE (STOCKINDEX,STOCKNAME,USDVALUE,INRVALUE,VALUEDATE) values ('Nifty50','BHEL',2.2099925,147.5,'9/12/2016');
Insert into PKU.NIFTY5012THPRICE (STOCKINDEX,STOCKNAME,USDVALUE,INRVALUE,VALUEDATE) values ('Nifty50','BHARTIARTL',4.764594,318,'9/12/2016');
Insert into PKU.NIFTY5012THPRICE (STOCKINDEX,STOCKNAME,USDVALUE,INRVALUE,VALUEDATE) values ('Nifty50','BPCL',8.4788797,565.9,'9/12/2016');
Insert into PKU.NIFTY5012THPRICE (STOCKINDEX,STOCKNAME,USDVALUE,INRVALUE,VALUEDATE) values ('Nifty50','CIPLA',8.523828999660001,568.90002,'9/12/2016');
Insert into PKU.NIFTY5012THPRICE (STOCKINDEX,STOCKNAME,USDVALUE,INRVALUE,VALUEDATE) values ('Nifty50','INFY',15.792082,1054,'9/12/2016');
Insert into PKU.NIFTY5012THPRICE (STOCKINDEX,STOCKNAME,USDVALUE,INRVALUE,VALUEDATE) values ('Nifty50','EICHERMOT',340.783825117,22744.699,'9/12/2016');
Insert into PKU.NIFTY5012THPRICE (STOCKINDEX,STOCKNAME,USDVALUE,INRVALUE,VALUEDATE) values ('Nifty50','HDFC',20.89604095,1394.65,'9/12/2016');
Insert into PKU.NIFTY5012THPRICE (STOCKINDEX,STOCKNAME,USDVALUE,INRVALUE,VALUEDATE) values ('Nifty50','ASIANPAINT',17.29712435,1154.45,'9/12/2016');
Insert into PKU.NIFTY5012THPRICE (STOCKINDEX,STOCKNAME,USDVALUE,INRVALUE,VALUEDATE) values ('Nifty50','INFRATEL',5.152653699999999,343.9,'9/12/2016');
REM INSERTING into PKU.PERSON
SET DEFINE OFF;
Insert into PKU.PERSON (UNAME,PASSWORD,BALANCE,STOCKVALUE,TOTALSTOCKVALUE) values ('aps','admin',1618.29119,null,20850.973982000003);
REM INSERTING into PKU.SELLTRANSACTIONS
SET DEFINE OFF;
Insert into PKU.SELLTRANSACTIONS (STOCKINDEX,STOCKNAME,TOTALUSDSELLPRICE,PRICEWHENBOUGHTUSD,NOOFSTOCKS,SELLDATE,TOTALUSDBOUGHTPRICE,PRICEWHENBOUGHTLOCAL,USDSELLPRICE,PROFITLOSSUSD,TOTALLOCALBOUGHTPRICE,TOTALLOCALSELLPRICE,PROFITLOSSLOCAL,LOCALSELLPRICE) values ('Dow30','CSCO',300.59999,31.44,10,'Sat Dec 10 20:44:27 UTC 2016',314.40000000000003,31.44,30.059999,-13.800010000000043,314.40000000000003,300.59999,-13.800010000000043,30.059999);
REM INSERTING into PKU.STI12THPRICE
SET DEFINE OFF;
Insert into PKU.STI12THPRICE (STOCKINDEX,STOCKNAME,USDVALUE,SGDVALUE,VALUEDATE) values ('Straits_Times_Index','Y92',0.6753879,0.935,'9/12/2016');
Insert into PKU.STI12THPRICE (STOCKINDEX,STOCKNAME,USDVALUE,SGDVALUE,VALUEDATE) values ('Straits_Times_Index','A17U',1.7914032,2.48,'9/12/2016');
Insert into PKU.STI12THPRICE (STOCKINDEX,STOCKNAME,USDVALUE,SGDVALUE,VALUEDATE) values ('Straits_Times_Index','O39',6.3638154,8.81,'9/12/2016');
Insert into PKU.STI12THPRICE (STOCKINDEX,STOCKNAME,USDVALUE,SGDVALUE,VALUEDATE) values ('Straits_Times_Index','BN4',3.9150828,5.42,'9/12/2016');
Insert into PKU.STI12THPRICE (STOCKINDEX,STOCKNAME,USDVALUE,SGDVALUE,VALUEDATE) values ('Straits_Times_Index','C6L',7.6784742,10.63,'9/12/2016');
Insert into PKU.STI12THPRICE (STOCKINDEX,STOCKNAME,USDVALUE,SGDVALUE,VALUEDATE) values ('Straits_Times_Index','D05',11.1529296,15.44,'9/12/2016');
Insert into PKU.STI12THPRICE (STOCKINDEX,STOCKNAME,USDVALUE,SGDVALUE,VALUEDATE) values ('Straits_Times_Index','S58',3.4455617999999997,4.77,'9/12/2016');
Insert into PKU.STI12THPRICE (STOCKINDEX,STOCKNAME,USDVALUE,SGDVALUE,VALUEDATE) values ('Straits_Times_Index','C09',6.587740799999999,9.12,'9/12/2016');
Insert into PKU.STI12THPRICE (STOCKINDEX,STOCKNAME,USDVALUE,SGDVALUE,VALUEDATE) values ('Straits_Times_Index','S59',2.7882324,3.86,'9/12/2016');
Insert into PKU.STI12THPRICE (STOCKINDEX,STOCKNAME,USDVALUE,SGDVALUE,VALUEDATE) values ('Straits_Times_Index','U11',13.5294282,18.73,'9/12/2016');
Insert into PKU.STI12THPRICE (STOCKINDEX,STOCKNAME,USDVALUE,SGDVALUE,VALUEDATE) values ('Straits_Times_Index','MC0',1.3435524,1.86,'9/12/2016');
Insert into PKU.STI12THPRICE (STOCKINDEX,STOCKNAME,USDVALUE,SGDVALUE,VALUEDATE) values ('Straits_Times_Index','F34',2.311488,3.2,'9/12/2016');
Insert into PKU.STI12THPRICE (STOCKINDEX,STOCKNAME,USDVALUE,SGDVALUE,VALUEDATE) values ('Straits_Times_Index','C31',2.2970412000000002,3.18,'9/12/2016');
Insert into PKU.STI12THPRICE (STOCKINDEX,STOCKNAME,USDVALUE,SGDVALUE,VALUEDATE) values ('Straits_Times_Index','S51',1.0004409,1.385,'9/12/2016');
Insert into PKU.STI12THPRICE (STOCKINDEX,STOCKNAME,USDVALUE,SGDVALUE,VALUEDATE) values ('Straits_Times_Index','U96',1.9358712,2.68,'9/12/2016');
Insert into PKU.STI12THPRICE (STOCKINDEX,STOCKNAME,USDVALUE,SGDVALUE,VALUEDATE) values ('Straits_Times_Index','C38U',1.5458076,2.14,'9/12/2016');
Insert into PKU.STI12THPRICE (STOCKINDEX,STOCKNAME,USDVALUE,SGDVALUE,VALUEDATE) values ('Straits_Times_Index','S68',5.460890399999999,7.56,'9/12/2016');
Insert into PKU.STI12THPRICE (STOCKINDEX,STOCKNAME,USDVALUE,SGDVALUE,VALUEDATE) values ('Straits_Times_Index','S63',2.4270624,3.36,'9/12/2016');
Insert into PKU.STI12THPRICE (STOCKINDEX,STOCKNAME,USDVALUE,SGDVALUE,VALUEDATE) values ('Straits_Times_Index','C52',2.0442222,2.83,'9/12/2016');
Insert into PKU.STI12THPRICE (STOCKINDEX,STOCKNAME,USDVALUE,SGDVALUE,VALUEDATE) values ('Straits_Times_Index','C07',30.403290600000002,42.09,'9/12/2016');
Insert into PKU.STI12THPRICE (STOCKINDEX,STOCKNAME,USDVALUE,SGDVALUE,VALUEDATE) values ('Straits_Times_Index','BS6',0.5634252,0.78,'9/12/2016');
Insert into PKU.STI12THPRICE (STOCKINDEX,STOCKNAME,USDVALUE,SGDVALUE,VALUEDATE) values ('Straits_Times_Index','G13',0.5489784,0.76,'9/12/2016');
Insert into PKU.STI12THPRICE (STOCKINDEX,STOCKNAME,USDVALUE,SGDVALUE,VALUEDATE) values ('Straits_Times_Index','T39',2.7376686,3.79,'9/12/2016');
Insert into PKU.STI12THPRICE (STOCKINDEX,STOCKNAME,USDVALUE,SGDVALUE,VALUEDATE) values ('Straits_Times_Index','H78',4.9046886,6.79,'9/12/2016');
Insert into PKU.STI12THPRICE (STOCKINDEX,STOCKNAME,USDVALUE,SGDVALUE,VALUEDATE) values ('Straits_Times_Index','E5H',0.2600424,0.36,'9/12/2016');
Insert into PKU.STI12THPRICE (STOCKINDEX,STOCKNAME,USDVALUE,SGDVALUE,VALUEDATE) values ('Straits_Times_Index','Z74',2.88936,4,'9/12/2016');
Insert into PKU.STI12THPRICE (STOCKINDEX,STOCKNAME,USDVALUE,SGDVALUE,VALUEDATE) values ('Straits_Times_Index','U14',4.1101146,5.69,'9/12/2016');
Insert into PKU.STI12THPRICE (STOCKINDEX,STOCKNAME,USDVALUE,SGDVALUE,VALUEDATE) values ('Straits_Times_Index','CC3',2.4848496,3.44,'9/12/2016');
Insert into PKU.STI12THPRICE (STOCKINDEX,STOCKNAME,USDVALUE,SGDVALUE,VALUEDATE) values ('Straits_Times_Index','C61U',1.1665790999999999,1.615,'9/12/2016');
REM INSERTING into PKU.TRANSACTIONS
SET DEFINE OFF;
Insert into PKU.TRANSACTIONS (STOCKINDEX,STOCKNAME,TOTALPRICE,NOOFSTOCKS,ERPD) values ('Dow30','AAPL','1897.92','18',0.006936367361203157);
Insert into PKU.TRANSACTIONS (STOCKINDEX,STOCKNAME,TOTALPRICE,NOOFSTOCKS,ERPD) values ('Dow30','DD','2045.1','30',0.04327693582570303);
Insert into PKU.TRANSACTIONS (STOCKINDEX,STOCKNAME,TOTALPRICE,NOOFSTOCKS,ERPD) values ('Dow30','CSCO','62.87999999999997','2',0.35003991916300453);
Insert into PKU.TRANSACTIONS (STOCKINDEX,STOCKNAME,TOTALPRICE,NOOFSTOCKS,ERPD) values ('Dow30','CAT','1146.88','14',0.3560567359578849);
Insert into PKU.TRANSACTIONS (STOCKINDEX,STOCKNAME,TOTALPRICE,NOOFSTOCKS,ERPD) values ('Dow30','GS','4447.56','26',0.5967004342352591);
Insert into PKU.TRANSACTIONS (STOCKINDEX,STOCKNAME,TOTALPRICE,NOOFSTOCKS,ERPD) values ('Dow30','JPM','2011.7999','30',0.0632974507731302);
Insert into PKU.TRANSACTIONS (STOCKINDEX,STOCKNAME,TOTALPRICE,NOOFSTOCKS,ERPD) values ('Dow30','MSFT','1198.0499','21',0.004195580535814424);
Insert into PKU.TRANSACTIONS (STOCKINDEX,STOCKNAME,TOTALPRICE,NOOFSTOCKS,ERPD) values ('Nifty50','AXISBANK','2306.9624','260',-0.0035458526353893925);
Insert into PKU.TRANSACTIONS (STOCKINDEX,STOCKNAME,TOTALPRICE,NOOFSTOCKS,ERPD) values ('Nifty50','YESBANK','3250.7566','180',0.013581960385689528);
--------------------------------------------------------
--  DDL for Index PERSON_PK
--------------------------------------------------------

  CREATE UNIQUE INDEX "PKU"."PERSON_PK" ON "PKU"."PERSON" ("UNAME") 
  PCTFREE 10 INITRANS 2 MAXTRANS 255 COMPUTE STATISTICS 
  STORAGE(INITIAL 65536 NEXT 1048576 MINEXTENTS 1 MAXEXTENTS 2147483645
  PCTINCREASE 0 FREELISTS 1 FREELIST GROUPS 1
  BUFFER_POOL DEFAULT FLASH_CACHE DEFAULT CELL_FLASH_CACHE DEFAULT)
  TABLESPACE "USERS" ;
--------------------------------------------------------
--  Constraints for Table PERSON
--------------------------------------------------------

  ALTER TABLE "PKU"."PERSON" MODIFY ("UNAME" NOT NULL ENABLE);
  ALTER TABLE "PKU"."PERSON" ADD CONSTRAINT "PERSON_PK" PRIMARY KEY ("UNAME")
  USING INDEX PCTFREE 10 INITRANS 2 MAXTRANS 255 COMPUTE STATISTICS 
  STORAGE(INITIAL 65536 NEXT 1048576 MINEXTENTS 1 MAXEXTENTS 2147483645
  PCTINCREASE 0 FREELISTS 1 FREELIST GROUPS 1
  BUFFER_POOL DEFAULT FLASH_CACHE DEFAULT CELL_FLASH_CACHE DEFAULT)
  TABLESPACE "USERS"  ENABLE;
